Salah-Eddine;Homme
AMMAR;Homme
SARAH;Femme
YASMINE;Femme
CHERKAOUI;Homme
Imane;Femme
FAï¿½ZA;Femme
YIPING;Homme
Adil;Homme
HEYTEM;Homme
EMILIANO;Homme
Julion;Homme
YACINE;Homme
Naima;Femme
Sara;Femme
MAMADOU;Homme
SABRINA;Femme
Mohamed;Homme
Nour;Femme
Mohammed;Homme
Issam;Homme
OUSSAMA;Homme
Maroua;Femme
ALEXIS;Homme
ALEXANDRE;Homme
ABDELDJALIL;Homme
MINH;Homme
Salma;Femme
Ibrahima;Homme
LYNDA;Femme
Mohamed;Homme
HADDA;Femme
OULHADJ;Femme
XIAOTONG;Femme
Soukayna;Femme
SAYANTHAN;Homme
Aissatou;Femme
MAME;Femme
AMER;Femme
Napo;Homme
YOUCEF;Homme
BILONGO;Homme
Bassma;Femme
NAJLAA;Femme
